{
    "gpu": {
        "sizes": [
            20,
            40,
            60,
            80,
            100,
            120,
            140,
            160,
            180,
            200,
            220,
            240,
            260,
            280,
            300,
            320
        ],
        "times": [
            3.1857558940537274,
            6.163461532909423,
            7.981018878053874,
            11.325091867242008,
            18.621735540253596,
            29.623734290603405,
            47.37835770753382,
            63.4858754473751,
            101.07007651260562,
            134.27186101758494,
            188.17310309484728,
            274.8670857792677,
            391.1432996085018,
            537.8137931200181,
            848.7074817346562,
            1296.0352529478796
        ]
    },
    "local": {
        "sizes": [
            20,
            40,
            60,
            80,
            100,
            120,
            140,
            160,
            180,
            200,
            220,
            240,
            260,
            280,
            300,
            320
        ],
        "times": [
            0.20167172607034445,
            0.22343715745955706,
            0.1834128387272358,
            0.2194409603253007,
            0.1801277082413435,
            0.13415778504499262,
            0.08463454760809201,
            0.05473572869874977,
            0.03324398552041712,
            0.023603304577198066,
            0.01391549713562606,
            0.009681152659888627,
            0.006306739721318198,
            0.004677902028197386,
            0.004134929200128894,
            0.004305950674443292
        ]
    },
    "exaus" : {
        "times": [
            0.05406533599943941,
            0.04042070100058481,
            0.061015327999484725,
            0.010274948999722255,
            0.04131335500005662,
            0.06718817099954322,
            0.016640617000120983,
            0.012321662999966065,
            0.006394360000740562,
            0.0050952910005435115,
            0.023018144999696233,
            0.049491757999930996,
            0.027789780999228242,
            0.030874109999786015,
            0.08030402599979425,
            0.021839048000401817
        ],
        "sizes": [
            260,
            200,
            280,
            60,
            220,
            300,
            100,
            80,
            40,
            20,
            140,
            240,
            160,
            180,
            320,
            120
        ]
    }
}