{
    "ParLocal": {
        "times": [
            0.24682826502248645,
            0.20167172607034445,
            0.2111416752450168,
            0.22343715745955706,
            0.1834128387272358,
            0.23352640308439732,
            0.2194409603253007,
            0.18825744464993477,
            0.19964223681017756,
            0.1801277082413435,
            0.17729043401777744
        ],
        "sizes_a": [
            625,
            20,
            325,
            20,
            20,
            325,
            20,
            625,
            625,
            20,
            325
        ],
        "sizes_b": [
            25,
            80,
            925,
            20,
            100,
            625,
            40,
            625,
            325,
            60,
            325
        ]
    },
    "ParGPU": {
        "times": [
            141.85685127787292,
            11.325091867242008,
            785.5218509421684,
            3.1857558940537274,
            91.13983745314181,
            4.0343958009034395,
            6.163461532909423,
            7.97344276914373,
            3.6271452009677887,
            7.981018878053874,
            6.19736947119236
        ],
        "sizes_a": [
            625,
            20,
            325,
            20,
            325,
            325,
            20,
            625,
            625,
            20,
            325
        ],
        "sizes_b": [
            25,
            80,
            925,
            20,
            25,
            625,
            40,
            625,
            325,
            60,
            325
        ]
    }
}